[
   {
      "fields":{
         "expire_date":"2014-12-29T11:03:13Z",
         "session_data":"ZDU0YjNhZjVhOTBjZjFhNTlhMGVhODg3N2FiMzcyNTliZjE5OTA1Njp7Il9hdXRoX3VzZXJfaGFzaCI6ImUxY2JhZGI3NGQ1MTBjMjlhZmViNmNmMTQ5MjZlOTE0NDY1MTc5NTUiLCJfYXV0aF91c2VyX2JhY2tlbmQiOiJkamFuZ28uY29udHJpYi5hdXRoLmJhY2tlbmRzLk1vZGVsQmFja2VuZCIsIl9hdXRoX3VzZXJfaWQiOjM0fQ=="
      },
      "model":"sessions.session",
      "pk":"dqlto25k1pj2jced3i5catl6dh6x7fzf"
   },
   {
      "fields":{
         "expire_date":"2015-01-01T12:58:48Z",
         "session_data":"Y2JlMjg5NjFlMjJiMjE2ZjIxZjQ4YWJmNWNlMDk0ZWRiZWYwOTcwZjp7Il9hdXRoX3VzZXJfaGFzaCI6ImMxODA0YTcxYjUyMTM4MDhkNjJjNWM5OTE4YmE5Njk4YzZlMTIwM2QiLCJfYXV0aF91c2VyX2JhY2tlbmQiOiJkamFuZ28uY29udHJpYi5hdXRoLmJhY2tlbmRzLk1vZGVsQmFja2VuZCIsIl9hdXRoX3VzZXJfaWQiOjF9"
      },
      "model":"sessions.session",
      "pk":"nwqdyzq1odtolprweda4clj8nhcscn5z"
   },
   {
      "fields":{
         "expire_date":"2014-12-31T00:17:13Z",
         "session_data":"Y2JlMjg5NjFlMjJiMjE2ZjIxZjQ4YWJmNWNlMDk0ZWRiZWYwOTcwZjp7Il9hdXRoX3VzZXJfaGFzaCI6ImMxODA0YTcxYjUyMTM4MDhkNjJjNWM5OTE4YmE5Njk4YzZlMTIwM2QiLCJfYXV0aF91c2VyX2JhY2tlbmQiOiJkamFuZ28uY29udHJpYi5hdXRoLmJhY2tlbmRzLk1vZGVsQmFja2VuZCIsIl9hdXRoX3VzZXJfaWQiOjF9"
      },
      "model":"sessions.session",
      "pk":"pjpskbhrt6zk5rkxofco6r84bycfk5iv"
   },
   {
      "fields":{
         "town":"Lllangollen",
         "active":true,
         "postcode":"LL20 8PL",
         "name":"The Hand Hotel",
         "address":"Bridge Street, Lllangollen, Clywd"
      },
      "model":"events.venue",
      "pk":1
   },
   {
      "fields":{
         "town":"Shrewsbury",
         "active":true,
         "postcode":"SY2 6AX",
         "name":"The Lord Hill Hotel",
         "address":"Abbey Forgate, Shrewsbury, Shropshire"
      },
      "model":"events.venue",
      "pk":2
   },
   {
      "fields":{
         "town":"Telford",
         "active":true,
         "postcode":"TF3 4EH",
         "name":"The Holiday Inn",
         "address":"St Quentin Gate, Telford"
      },
      "model":"events.venue",
      "pk":3
   },
   {
      "fields":{
         "capacity":100,
         "description":"Have you have lost loved ones, or wondered about life beyond death?",
         "event_time":"2015-01-16T19:30:00Z",
         "title":"An Evening with Trinity Williams, Spiritualist Medium",
         "venue":1,
         "last_booking":"2015-01-16T17:00:00Z",
         "book_from":null,
         "pub_date":"2014-12-12T11:51:38Z"
      },
      "model":"events.event",
      "pk":1
   },
   {
      "fields":{
         "capacity":100,
         "description":"Have you have lost loved ones, or wondered about life beyond death?",
         "event_time":"2015-01-29T19:30:00Z",
         "title":"An Evening with Trinity Williams, Spiritualist Medium",
         "venue":2,
         "last_booking":"2015-01-29T17:00:00Z",
         "book_from":null,
         "pub_date":"2014-12-12T11:52:38Z"
      },
      "model":"events.event",
      "pk":2
   },
   {
      "fields":{
         "capacity":100,
         "description":"Have you have lost loved ones, or wondered about life beyond death?",
         "event_time":"2015-02-19T19:30:00Z",
         "title":"An Evening with Trinity Williams, Spiritualist Medium",
         "venue":3,
         "last_booking":"2015-02-19T17:00:00Z",
         "book_from":null,
         "pub_date":"2014-12-12T11:53:29Z"
      },
      "model":"events.event",
      "pk":3
   },
   {
      "fields":{
         "online_book":false,
         "event":[
            1,
            2,
            3
         ],
         "vat":1,
         "value":"12.00",
         "title":"On the door"
      },
      "model":"events.pricing",
      "pk":1
   },
   {
      "fields":{
         "online_book":true,
         "event":[
            1,
            2,
            3
         ],
         "vat":1,
         "value":"10.00",
         "title":"Online"
      },
      "model":"events.pricing",
      "pk":2
   },
   {
      "fields":{
         "rate":"0.2000",
         "valid_from":"2014-12-12",
         "name":"Standard"
      },
      "model":"orders.vat",
      "pk":1
   },
   {
      "fields":{
         "rate":"0.0500",
         "valid_from":"2014-12-12",
         "name":"Reduced"
      },
      "model":"orders.vat",
      "pk":2
   },
   {
      "fields":{
         "rate":"0.0000",
         "valid_from":"2014-12-12",
         "name":"No VAT"
      },
      "model":"orders.vat",
      "pk":3
   },
   {
      "fields":{
         "description":"16/01/2015 @ 19:30 An Evening with Trinity Williams, Spiritualist Medium, The Hand Hotel, Lllangollen",
         "object_id":1,
         "value":"50.00",
         "content_type":10,
         "order":1,
         "vat":1
      },
      "model":"orders.orderitem",
      "pk":1
   },
   {
      "fields":{
         "description":"16/01/2015 @ 19:30 An Evening with Trinity Williams, Spiritualist Medium, The Hand Hotel, Lllangollen",
         "object_id":2,
         "value":"20.00",
         "content_type":10,
         "order":1,
         "vat":1
      },
      "model":"orders.orderitem",
      "pk":2
   },
   {
      "fields":{
         "description":"16/01/2015 @ 19:30 An Evening with Trinity Williams, Spiritualist Medium, The Hand Hotel, Lllangollen",
         "object_id":3,
         "value":"50.00",
         "content_type":10,
         "order":2,
         "vat":1
      },
      "model":"orders.orderitem",
      "pk":3
   },
   {
      "fields":{
         "description":"16/01/2015 @ 19:30 An Evening with Trinity Williams, Spiritualist Medium, The Hand Hotel, Lllangollen",
         "object_id":4,
         "value":"30.00",
         "content_type":10,
         "order":3,
         "vat":1
      },
      "model":"orders.orderitem",
      "pk":4
   },
   {
      "fields":{
         "accounting":false,
         "name":"Online"
      },
      "model":"orders.paymenttype",
      "pk":1
   },
   {
      "fields":{
         "value_inc":"70.00",
         "payed":true,
         "date":"2014-12-12",
         "type":1,
         "order":1,
         "payment_ref":"PAY-5G7941668G873721EKSFPUKY"
      },
      "model":"orders.payment",
      "pk":1
   },
   {
      "fields":{
         "value_inc":"50.00",
         "payed":true,
         "date":"2014-12-12",
         "type":1,
         "order":2,
         "payment_ref":"PAY-9H0977772K157042GKSFP4SQ"
      },
      "model":"orders.payment",
      "pk":2
   },
   {
      "fields":{
         "body":"Thank you for registering. Confirmation of the details you submitted are listed below.\r\n\r\nUsername: {{ user_name }}\r\nPassword: {{ password }}\r\nFirst name: {{ first_name }}\r\nLast name: {{ last_name }}\r\n",
         "subject":"Registration successful"
      },
      "model":"system_emails.emailtext",
      "pk":1
   },
   {
      "fields":{
         "body":"Your booking has been accepted. Please check the details below:\r\nBooking Id: {{ ref }}\r\nNumber of people: {{ quantity }}\r\n\r\n{{ venue }} on {{ date_time }}",
         "subject":"Booking confirmation"
      },
      "model":"system_emails.emailtext",
      "pk":2
   },
   {
      "fields":{
         "message":"Hello",
         "sent_date":"2014-12-12T11:55:02Z",
         "name":"James Birkett",
         "email":"james@teetimes4you.com"
      },
      "model":"mysite.emailinf",
      "pk":1
   },
   {
      "fields":{
         "message":"Test 2",
         "sent_date":"2014-12-12T11:56:32Z",
         "name":"James B",
         "email":"james@trogs.fsbusiness.co.uk"
      },
      "model":"mysite.emailinf",
      "pk":2
   },
   {
      "fields":{
         "message":"Test 2",
         "sent_date":"2014-12-12T11:59:23Z",
         "name":"James B",
         "email":"james@trogs.fsbusiness.co.uk"
      },
      "model":"mysite.emailinf",
      "pk":3
   },
   {
      "fields":{
         "message":"Test 2",
         "sent_date":"2014-12-12T12:00:48Z",
         "name":"James B",
         "email":"james@trogs.fsbusiness.co.uk"
      },
      "model":"mysite.emailinf",
      "pk":4
   },
   {
      "fields":{
         "message":"Test 2",
         "sent_date":"2014-12-12T12:39:51Z",
         "name":"James B",
         "email":"james@trogs.fsbusiness.co.uk"
      },
      "model":"mysite.emailinf",
      "pk":5
   },
   {
      "fields":{
         "message":"Test 2",
         "sent_date":"2014-12-12T12:43:40Z",
         "name":"James B",
         "email":"james@trogs.fsbusiness.co.uk"
      },
      "model":"mysite.emailinf",
      "pk":6
   },
   {
      "fields":{
         "successful":null,
         "related_order":1,
         "ref":"PAY-2HY604504P565121SKSFPCPQ",
         "value":"50.00",
         "created":"2014-12-12T13:44:30Z"
      },
      "model":"paypal.payment",
      "pk":1
   },
   {
      "fields":{
         "successful":null,
         "related_order":1,
         "ref":"PAY-31506724LM625472EKSFPUFQ",
         "value":"50.00",
         "created":"2014-12-12T14:22:14Z"
      },
      "model":"paypal.payment",
      "pk":2
   },
   {
      "fields":{
         "successful":null,
         "related_order":1,
         "ref":"PAY-5G7941668G873721EKSFPUKY",
         "value":"70.00",
         "created":"2014-12-12T14:22:36Z"
      },
      "model":"paypal.payment",
      "pk":3
   },
   {
      "fields":{
         "successful":null,
         "related_order":2,
         "ref":"PAY-9H0977772K157042GKSFP4SQ",
         "value":"50.00",
         "created":"2014-12-12T14:40:10Z"
      },
      "model":"paypal.payment",
      "pk":4
   },
   {
      "fields":{
         "successful":null,
         "related_order":3,
         "ref":"PAY-2SH16702VC382182HKSHL7MA",
         "value":"30.00",
         "created":"2014-12-15T11:02:09Z"
      },
      "model":"paypal.payment",
      "pk":5
   },
   {
      "fields":{
         "username":"james",
         "first_name":"",
         "last_name":"",
         "is_active":true,
         "is_superuser":true,
         "is_staff":true,
         "last_login":"2014-12-18T12:58:48Z",
         "groups":[

         ],
         "user_permissions":[

         ],
         "password":"pbkdf2_sha256$12000$h8pod0myNgVz$tnwi2Ja7fpVsR+CExPhhbPPlGiIBgZ4jhWhh2cuYNRc=",
         "email":"james@teetimes4you.com",
         "date_joined":"2014-12-12T11:42:42Z"
      },
      "model":"accounts.authuser",
      "pk":1
   },
   {
      "fields":{
         "username":"test1",
         "first_name":"Janet",
         "last_name":"Lee",
         "is_active":false,
         "is_superuser":false,
         "is_staff":false,
         "last_login":"2014-12-12T12:53:56Z",
         "groups":[

         ],
         "user_permissions":[

         ],
         "password":"pbkdf2_sha256$12000$8pg08sM6ivrv$Ua6Q4k6EdSRbs/XERLe+UKKcSsK0UA5Il5hBlj27Pc0=",
         "email":"",
         "date_joined":"2014-12-12T12:53:56Z"
      },
      "model":"accounts.authuser",
      "pk":2
   },
   {
      "fields":{
         "username":"user2",
         "first_name":"Julia",
         "last_name":"Mckelvie",
         "is_active":false,
         "is_superuser":false,
         "is_staff":false,
         "last_login":"2014-12-12T13:02:58Z",
         "groups":[

         ],
         "user_permissions":[

         ],
         "password":"pbkdf2_sha256$12000$3D5xntSCRXDS$Grq6iOm5XQgqCCFYZYyrAeRYjeOKTvRean2IndI1yKI=",
         "email":"",
         "date_joined":"2014-12-12T13:02:58Z"
      },
      "model":"accounts.authuser",
      "pk":3
   },
   {
      "fields":{
         "username":"user3",
         "first_name":"Debbie",
         "last_name":"K",
         "is_active":false,
         "is_superuser":false,
         "is_staff":false,
         "last_login":"2014-12-12T13:04:08Z",
         "groups":[

         ],
         "user_permissions":[

         ],
         "password":"pbkdf2_sha256$12000$lNQUqDphcPSl$z/SobQryKgFHZuJp92rjx9jUNAuTktzz10to010gj6k=",
         "email":"",
         "date_joined":"2014-12-12T13:04:08Z"
      },
      "model":"accounts.authuser",
      "pk":4
   },
   {
      "fields":{
         "username":"user4",
         "first_name":"Lesley & Robert",
         "last_name":"",
         "is_active":false,
         "is_superuser":false,
         "is_staff":false,
         "last_login":"2014-12-12T13:05:41Z",
         "groups":[

         ],
         "user_permissions":[

         ],
         "password":"pbkdf2_sha256$12000$ElhLtJqlQw1c$S/Z8MGx3iOqB5GY+BBN0gZ63U2XHFZe3JweA/Bm0xzQ=",
         "email":"",
         "date_joined":"2014-12-12T13:05:41Z"
      },
      "model":"accounts.authuser",
      "pk":5
   },
   {
      "fields":{
         "username":"user5",
         "first_name":"Sue",
         "last_name":"",
         "is_active":false,
         "is_superuser":false,
         "is_staff":false,
         "last_login":"2014-12-12T13:07:18Z",
         "groups":[

         ],
         "user_permissions":[

         ],
         "password":"pbkdf2_sha256$12000$kIJkrzxkUbm1$XeF8OaCEBvrD9M3a4+DrTXkNdSQ+aPZN2IFSN0pXzgo=",
         "email":"",
         "date_joined":"2014-12-12T13:07:18Z"
      },
      "model":"accounts.authuser",
      "pk":6
   },
   {
      "fields":{
         "username":"user6",
         "first_name":"Amy",
         "last_name":"Coxon",
         "is_active":false,
         "is_superuser":false,
         "is_staff":false,
         "last_login":"2014-12-12T13:17:12Z",
         "groups":[

         ],
         "user_permissions":[

         ],
         "password":"pbkdf2_sha256$12000$oUJc9HpIfoqL$v3pEaeKjXoP9hiQuuo7UiLKBQNCB34u2FWXgqhzHfok=",
         "email":"",
         "date_joined":"2014-12-12T13:17:12Z"
      },
      "model":"accounts.authuser",
      "pk":7
   },
   {
      "fields":{
         "username":"user7",
         "first_name":"Vanessa",
         "last_name":"Mac",
         "is_active":false,
         "is_superuser":false,
         "is_staff":false,
         "last_login":"2014-12-12T13:18:50Z",
         "groups":[

         ],
         "user_permissions":[

         ],
         "password":"pbkdf2_sha256$12000$knqK7YFpLNMO$rmYa0JCjb9qRdb/cemqBDlfwLRaI29HcfRo9w+ljCtQ=",
         "email":"",
         "date_joined":"2014-12-12T13:18:50Z"
      },
      "model":"accounts.authuser",
      "pk":8
   },
   {
      "fields":{
         "username":"user8",
         "first_name":"Lesley",
         "last_name":"",
         "is_active":false,
         "is_superuser":false,
         "is_staff":false,
         "last_login":"2014-12-12T13:20:43Z",
         "groups":[

         ],
         "user_permissions":[

         ],
         "password":"pbkdf2_sha256$12000$QxtG0w6puJrm$rNrLNFUAtY4kaSPMRie8PAiX6t36t/NJAy6vEnIJdOM=",
         "email":"",
         "date_joined":"2014-12-12T13:20:43Z"
      },
      "model":"accounts.authuser",
      "pk":9
   },
   {
      "fields":{
         "username":"user9",
         "first_name":"Emily",
         "last_name":"Roper",
         "is_active":false,
         "is_superuser":false,
         "is_staff":false,
         "last_login":"2014-12-12T13:28:55Z",
         "groups":[

         ],
         "user_permissions":[

         ],
         "password":"pbkdf2_sha256$12000$66jE7GYfcOK1$U6bAyTimYVf/KyJXuMQ32A/2nStMfMOV3hoC5VcOlns=",
         "email":"",
         "date_joined":"2014-12-12T13:28:55Z"
      },
      "model":"accounts.authuser",
      "pk":10
   },
   {
      "fields":{
         "username":"user10",
         "first_name":"Nancy",
         "last_name":"",
         "is_active":false,
         "is_superuser":false,
         "is_staff":false,
         "last_login":"2014-12-12T14:14:15Z",
         "groups":[

         ],
         "user_permissions":[

         ],
         "password":"pbkdf2_sha256$12000$TLuB1ji0Qxk6$DGoJh46LUxZStECC9PNw3w4LdWPNCDwIHxGoz1sA/Xs=",
         "email":"",
         "date_joined":"2014-12-12T14:14:15Z"
      },
      "model":"accounts.authuser",
      "pk":11
   },
   {
      "fields":{
         "username":"user11",
         "first_name":"Mario",
         "last_name":"Foster",
         "is_active":false,
         "is_superuser":false,
         "is_staff":false,
         "last_login":"2014-12-12T14:16:09Z",
         "groups":[

         ],
         "user_permissions":[

         ],
         "password":"pbkdf2_sha256$12000$vbHMLsUSuQIA$1jazZw2WObOo35Ie2Saw7qxGk0zqH91eZzmPn6OOCag=",
         "email":"",
         "date_joined":"2014-12-12T14:16:09Z"
      },
      "model":"accounts.authuser",
      "pk":12
   },
   {
      "fields":{
         "username":"user12",
         "first_name":"Mel",
         "last_name":"",
         "is_active":false,
         "is_superuser":false,
         "is_staff":false,
         "last_login":"2014-12-12T14:55:41Z",
         "groups":[

         ],
         "user_permissions":[

         ],
         "password":"pbkdf2_sha256$12000$A0115PboDOdA$/pqYbGG3WrUfQs31SFzw5arhvCglCqdmcxoIj1h7iaM=",
         "email":"",
         "date_joined":"2014-12-12T14:55:41Z"
      },
      "model":"accounts.authuser",
      "pk":13
   },
   {
      "fields":{
         "username":"user13",
         "first_name":"Jayne",
         "last_name":"Tennant",
         "is_active":false,
         "is_superuser":false,
         "is_staff":false,
         "last_login":"2014-12-12T14:58:48Z",
         "groups":[

         ],
         "user_permissions":[

         ],
         "password":"pbkdf2_sha256$12000$AFPXItcnMxCB$kLEC3IjoI/LHVECS67kJsJqvQYbWDykGRi9+6qHOSZY=",
         "email":"",
         "date_joined":"2014-12-12T14:58:48Z"
      },
      "model":"accounts.authuser",
      "pk":14
   },
   {
      "fields":{
         "username":"user14",
         "first_name":"Sam",
         "last_name":"",
         "is_active":false,
         "is_superuser":false,
         "is_staff":false,
         "last_login":"2014-12-12T15:00:03Z",
         "groups":[

         ],
         "user_permissions":[

         ],
         "password":"pbkdf2_sha256$12000$pqrJtVCkMwSd$lv7ldmbwtJIPyQuHTdLn7QzZHmAXK2iYNWsL3ulEfEE=",
         "email":"",
         "date_joined":"2014-12-12T15:00:03Z"
      },
      "model":"accounts.authuser",
      "pk":15
   },
   {
      "fields":{
         "username":"user15",
         "first_name":"Pat",
         "last_name":"Amos",
         "is_active":false,
         "is_superuser":false,
         "is_staff":false,
         "last_login":"2014-12-12T15:02:56Z",
         "groups":[

         ],
         "user_permissions":[

         ],
         "password":"pbkdf2_sha256$12000$CIileh30xMER$h/q2711uCMLCbO8UHgdmbHrwXBGD/hw+rKm6uvHASwA=",
         "email":"",
         "date_joined":"2014-12-12T15:02:56Z"
      },
      "model":"accounts.authuser",
      "pk":16
   },
   {
      "fields":{
         "username":"user16",
         "first_name":"Trish",
         "last_name":"",
         "is_active":false,
         "is_superuser":false,
         "is_staff":false,
         "last_login":"2014-12-12T15:04:09Z",
         "groups":[

         ],
         "user_permissions":[

         ],
         "password":"pbkdf2_sha256$12000$BTevrqaBM1qB$qfqdZyuK1iTsBh+3D33qQZLkCNkP6yB22Mo5YrXkAxM=",
         "email":"",
         "date_joined":"2014-12-12T15:04:09Z"
      },
      "model":"accounts.authuser",
      "pk":17
   },
   {
      "fields":{
         "username":"user17",
         "first_name":"Ruth",
         "last_name":"Sherratt",
         "is_active":false,
         "is_superuser":false,
         "is_staff":false,
         "last_login":"2014-12-12T15:05:45Z",
         "groups":[

         ],
         "user_permissions":[

         ],
         "password":"pbkdf2_sha256$12000$rc1PTbeM6hXR$QSHABRmdgDLbAkiPdFYzgTLQsFGd/EeA847A50avsr0=",
         "email":"",
         "date_joined":"2014-12-12T15:05:45Z"
      },
      "model":"accounts.authuser",
      "pk":18
   },
   {
      "fields":{
         "username":"user18",
         "first_name":"Veronica",
         "last_name":"Buckley",
         "is_active":false,
         "is_superuser":false,
         "is_staff":false,
         "last_login":"2014-12-12T15:08:18Z",
         "groups":[

         ],
         "user_permissions":[

         ],
         "password":"pbkdf2_sha256$12000$uLe10LIcdoVl$SebsOl0e2vRM3ozCSl/oFvXXPoQ6EMUqPOQ1S2H/SXg=",
         "email":"",
         "date_joined":"2014-12-12T15:08:18Z"
      },
      "model":"accounts.authuser",
      "pk":19
   },
   {
      "fields":{
         "username":"user19",
         "first_name":"Amanda",
         "last_name":"Powell",
         "is_active":false,
         "is_superuser":false,
         "is_staff":false,
         "last_login":"2014-12-12T15:09:44Z",
         "groups":[

         ],
         "user_permissions":[

         ],
         "password":"pbkdf2_sha256$12000$kDBJjVlQVvUN$6/l+tl7DGtMJ6Nv72Ms3gMM74Hj6TX8FLT4QBH5gWXo=",
         "email":"",
         "date_joined":"2014-12-12T15:09:44Z"
      },
      "model":"accounts.authuser",
      "pk":20
   },
   {
      "fields":{
         "username":"user20",
         "first_name":"Claire",
         "last_name":"",
         "is_active":false,
         "is_superuser":false,
         "is_staff":false,
         "last_login":"2014-12-12T15:11:01Z",
         "groups":[

         ],
         "user_permissions":[

         ],
         "password":"pbkdf2_sha256$12000$c54yYdD1LAHH$Y/J8PKePmUQWVl+QhaUM7Fm42NM0Zhc3DjjtJmZxXiY=",
         "email":"",
         "date_joined":"2014-12-12T15:11:01Z"
      },
      "model":"accounts.authuser",
      "pk":21
   },
   {
      "fields":{
         "username":"user21",
         "first_name":"Mal",
         "last_name":"Fury",
         "is_active":false,
         "is_superuser":false,
         "is_staff":false,
         "last_login":"2014-12-12T15:12:03Z",
         "groups":[

         ],
         "user_permissions":[

         ],
         "password":"pbkdf2_sha256$12000$mMUhZanKdSFD$ysITM6WsLr1PTnQTKBZQyRdtbdXNJrzZ66UjXxwPmEk=",
         "email":"",
         "date_joined":"2014-12-12T15:12:03Z"
      },
      "model":"accounts.authuser",
      "pk":22
   },
   {
      "fields":{
         "username":"user22",
         "first_name":"Amy",
         "last_name":"Bayliss",
         "is_active":false,
         "is_superuser":false,
         "is_staff":false,
         "last_login":"2014-12-12T15:14:22Z",
         "groups":[

         ],
         "user_permissions":[

         ],
         "password":"pbkdf2_sha256$12000$s3qScC5OkbrP$wYauaJLeg4yjr4RwHAvSzFY4CeRDGQzZGXKkGGh4ccQ=",
         "email":"",
         "date_joined":"2014-12-12T15:14:22Z"
      },
      "model":"accounts.authuser",
      "pk":23
   },
   {
      "fields":{
         "username":"user23",
         "first_name":"Chrissie",
         "last_name":"",
         "is_active":false,
         "is_superuser":false,
         "is_staff":false,
         "last_login":"2014-12-12T15:15:25Z",
         "groups":[

         ],
         "user_permissions":[

         ],
         "password":"pbkdf2_sha256$12000$bBHeRYckwvBw$mNSBqIffGGFCVFoRXJABPTyc1tbQOQ4q39QIb8FJxgc=",
         "email":"",
         "date_joined":"2014-12-12T15:15:25Z"
      },
      "model":"accounts.authuser",
      "pk":24
   },
   {
      "fields":{
         "username":"user24",
         "first_name":"Robert",
         "last_name":"",
         "is_active":false,
         "is_superuser":false,
         "is_staff":false,
         "last_login":"2014-12-12T15:17:07Z",
         "groups":[

         ],
         "user_permissions":[

         ],
         "password":"pbkdf2_sha256$12000$T1paDprpjl5e$e5vTeJLKdVniRsE7ZqaJAilDOLkp2scSccjqOw98NLU=",
         "email":"",
         "date_joined":"2014-12-12T15:17:07Z"
      },
      "model":"accounts.authuser",
      "pk":25
   },
   {
      "fields":{
         "username":"user25",
         "first_name":"Craig",
         "last_name":"Brown",
         "is_active":false,
         "is_superuser":false,
         "is_staff":false,
         "last_login":"2014-12-12T15:18:14Z",
         "groups":[

         ],
         "user_permissions":[

         ],
         "password":"pbkdf2_sha256$12000$mluRSvyp7dSl$LX6nOGPOqBrKVD3TS+XLtEFjqgbrwp58cGQ0xF6rFIc=",
         "email":"",
         "date_joined":"2014-12-12T15:18:14Z"
      },
      "model":"accounts.authuser",
      "pk":26
   },
   {
      "fields":{
         "username":"user26",
         "first_name":"Margaret",
         "last_name":"",
         "is_active":false,
         "is_superuser":false,
         "is_staff":false,
         "last_login":"2014-12-12T15:19:45Z",
         "groups":[

         ],
         "user_permissions":[

         ],
         "password":"pbkdf2_sha256$12000$bkpSBTa7wgiJ$/ASmhzUc3mhPlwoq7kcclUtvgGGH/D5AHbrTxHscZCQ=",
         "email":"",
         "date_joined":"2014-12-12T15:19:45Z"
      },
      "model":"accounts.authuser",
      "pk":27
   },
   {
      "fields":{
         "username":"user27",
         "first_name":"Pat",
         "last_name":"",
         "is_active":false,
         "is_superuser":false,
         "is_staff":false,
         "last_login":"2014-12-12T15:21:34Z",
         "groups":[

         ],
         "user_permissions":[

         ],
         "password":"pbkdf2_sha256$12000$oubuIh0kdIQX$I2aeJ3gY6aSnbrYiz7SUzwIQ4C1n++HQnfTfXVNQsBI=",
         "email":"",
         "date_joined":"2014-12-12T15:21:34Z"
      },
      "model":"accounts.authuser",
      "pk":28
   },
   {
      "fields":{
         "username":"user28",
         "first_name":"Margherita",
         "last_name":"",
         "is_active":false,
         "is_superuser":false,
         "is_staff":false,
         "last_login":"2014-12-12T15:34:36Z",
         "groups":[

         ],
         "user_permissions":[

         ],
         "password":"pbkdf2_sha256$12000$i5t4DAEpM0W7$tUblpfkR+DjCYZVR3AdQBNaMJIRAbGa33hrOfCvY4mw=",
         "email":"",
         "date_joined":"2014-12-12T15:34:36Z"
      },
      "model":"accounts.authuser",
      "pk":29
   },
   {
      "fields":{
         "username":"user29",
         "first_name":"Deb",
         "last_name":"",
         "is_active":false,
         "is_superuser":false,
         "is_staff":false,
         "last_login":"2014-12-12T15:36:48Z",
         "groups":[

         ],
         "user_permissions":[

         ],
         "password":"pbkdf2_sha256$12000$GPxyvZLNA2QU$vRf1mCdWl9PBWz03VCb7+pEL9ZlWe8XC6/ITb9+gKAU=",
         "email":"",
         "date_joined":"2014-12-12T15:36:48Z"
      },
      "model":"accounts.authuser",
      "pk":30
   },
   {
      "fields":{
         "username":"user30",
         "first_name":"Veronica",
         "last_name":"",
         "is_active":false,
         "is_superuser":false,
         "is_staff":false,
         "last_login":"2014-12-12T15:38:20Z",
         "groups":[

         ],
         "user_permissions":[

         ],
         "password":"pbkdf2_sha256$12000$WtWgZLS3dlgh$kaFVOJIQDu5xCOxAYNwwMG3BzQqXcklglIWsB6WX/pU=",
         "email":"",
         "date_joined":"2014-12-12T15:38:20Z"
      },
      "model":"accounts.authuser",
      "pk":31
   },
   {
      "fields":{
         "username":"user31",
         "first_name":"Tania",
         "last_name":"Roberts",
         "is_active":false,
         "is_superuser":false,
         "is_staff":false,
         "last_login":"2014-12-12T15:39:38Z",
         "groups":[

         ],
         "user_permissions":[

         ],
         "password":"pbkdf2_sha256$12000$609dPjKPjdII$AF15jQAewxiq80yZkiLxd8FU8X4nbi6sHb78jbh1AEw=",
         "email":"",
         "date_joined":"2014-12-12T15:39:38Z"
      },
      "model":"accounts.authuser",
      "pk":32
   },
   {
      "fields":{
         "username":"user32",
         "first_name":"Kim",
         "last_name":"Mackeen",
         "is_active":false,
         "is_superuser":false,
         "is_staff":false,
         "last_login":"2014-12-12T16:12:30Z",
         "groups":[

         ],
         "user_permissions":[

         ],
         "password":"pbkdf2_sha256$12000$SrajuXS9Ea7t$7SwxesXxvK9toPn539Wil1pd9sVluv/tD2OUAHOqplY=",
         "email":"",
         "date_joined":"2014-12-12T16:12:30Z"
      },
      "model":"accounts.authuser",
      "pk":33
   },
   {
      "fields":{
         "username":"james1",
         "first_name":"James",
         "last_name":"Birkett",
         "is_active":true,
         "is_superuser":false,
         "is_staff":false,
         "last_login":"2014-12-15T11:01:32Z",
         "groups":[

         ],
         "user_permissions":[

         ],
         "password":"pbkdf2_sha256$12000$QpXi4hzQsLLA$KVHedVVMPaVHFsYDPRInJKeqdQNrpCf4hJoa7Ih38JI=",
         "email":"james@pjshire.me.uk",
         "date_joined":"2014-12-15T11:01:31Z"
      },
      "model":"accounts.authuser",
      "pk":34
   },
   {
      "fields":{
         "booked_by":1,
         "booked":"2014-12-12",
         "price":2,
         "confirmed":true,
         "payment_pending":false,
         "ref":"4DB637E3",
         "event":1,
         "quantity":5
      },
      "model":"events.booking",
      "pk":1
   },
   {
      "fields":{
         "booked_by":1,
         "booked":"2014-12-12",
         "price":2,
         "confirmed":true,
         "payment_pending":false,
         "ref":"4DBF27A2",
         "event":1,
         "quantity":2
      },
      "model":"events.booking",
      "pk":2
   },
   {
      "fields":{
         "booked_by":1,
         "booked":"2014-12-12",
         "price":2,
         "confirmed":true,
         "payment_pending":false,
         "ref":"4DC346C4",
         "event":1,
         "quantity":5
      },
      "model":"events.booking",
      "pk":3
   },
   {
      "fields":{
         "booked_by":34,
         "booked":"2014-12-15",
         "price":2,
         "confirmed":false,
         "payment_pending":false,
         "ref":"51849EEE",
         "event":1,
         "quantity":3
      },
      "model":"events.booking",
      "pk":4
   },
   {
      "fields":{
         "date":"2014-12-12",
         "last_change":"2014-12-12T14:38:44Z",
         "ordered_by":1,
         "open":false,
         "waiting_payment":false
      },
      "model":"orders.order",
      "pk":1
   },
   {
      "fields":{
         "date":"2014-12-12",
         "last_change":"2014-12-12T14:40:49Z",
         "ordered_by":1,
         "open":false,
         "waiting_payment":false
      },
      "model":"orders.order",
      "pk":2
   },
   {
      "fields":{
         "date":"2014-12-15",
         "last_change":"2014-12-15T11:03:13Z",
         "ordered_by":34,
         "open":true,
         "waiting_payment":false
      },
      "model":"orders.order",
      "pk":3
   },
   {
      "fields":{
         "body":"not only for raising money for my precious son\u2019s charity fund raiser at the Park Gate Inn, Cannock Wood, but also for bombarding those who attended with many \u2018spot on\u2019 messages. She certainly gave the sceptics something to think about. Trinity\u2019s easy manner, confidence and complete trust in the spirit world resulted in many desperately needed poignant messages coming through.",
         "town":"Cannock",
         "hompage":true,
         "left_by":2,
         "title":"Grateful thanks to Trinity",
         "created":"2014-12-12",
         "active":true
      },
      "model":"testimonials.testimonial",
      "pk":1
   },
   {
      "fields":{
         "body":"I and other members of my family had the pleasure of meeting Trinity recently. I speak for us all when I say that we all found our experiences truly uplifting and comforting. Trinity gave lots of spot-on accurate information, and the messages of love we received from our loved ones who have passed was wonderful. I cannot praise Trinity enough for her fantastic work!",
         "town":"Wolverhampton",
         "hompage":true,
         "left_by":3,
         "title":"Uplifting and comforting",
         "created":"2014-12-12",
         "active":true
      },
      "model":"testimonials.testimonial",
      "pk":2
   },
   {
      "fields":{
         "body":"I have met Trinity on a number of occasions and had 3 readings including a telephone reading. I have been greatly comforted by the messages she has given me from my Mum. The information she passes on is so accurate. I would recommend Trinity to anyone, she is a warm kind and honest lady and I thank her for bringing peace of mind to me. Thank you Trinity",
         "town":"Shropshire",
         "hompage":true,
         "left_by":4,
         "title":"Bringing peace of mind",
         "created":"2014-12-12",
         "active":true
      },
      "model":"testimonials.testimonial",
      "pk":3
   },
   {
      "fields":{
         "body":"We would both like to send our thanks for the help you gave us. We have taken so much comfort from the reading which makes so much sense to us in our times of trouble. We hope you will see us again and we will certainly value and welcome any advice or guidance you are kind enough to offer! Take care and thank you once again",
         "town":"West Midlands",
         "hompage":true,
         "left_by":5,
         "title":"Thank you for the help",
         "created":"2014-12-12",
         "active":true
      },
      "model":"testimonials.testimonial",
      "pk":4
   },
   {
      "fields":{
         "body":"I visited Trinity at her home for a private reading in March; I had seen her in Oswestry in one of her shows and found the whole experience fascinating. As soon as she opened the door to me with her welcoming smile I felt completely at ease. Her accuracy and knowledge of my dear Mother was both comforting and truly unbelievable. Trinity, thank you once again for your hospitality, especially the cup of tea my Mum told you to offer me. Sue",
         "town":"Shropshire",
         "hompage":true,
         "left_by":6,
         "title":"Thank you",
         "created":"2014-12-12",
         "active":true
      },
      "model":"testimonials.testimonial",
      "pk":5
   },
   {
      "fields":{
         "body":"Trinity you came to my parent\u2019s home on the 19th march Monday night, I was very excited I had been waiting for the evening for a long time, the reading was for me and my mom, she is a Christian but is not in touch with her faith, I am in a deep relationship with the lord so knew what to expect. However when entering the house I felt warm and loved immediately, a great big smile on her face and dancing around I was weary of her movements however found out she had 2 much coffee during the day and needed to use the w.c, lol sorry Trinity. We sat together very chilled out, and immediately she started pacing up and down the living room, my grandmother came thru immediately, my mom was weary however we had a whole hour of continuous clarification that my nan had come thru to apologise 2 my mom and explain why she was so cold with my mom. Information I didn\u2019t even know and certainly no one else could no, aww I did not want it to end, she was spot on exact and true to every word she said we felt her love.\r\nEVERYONE READING THESE TESTIMONIALS PLEASE NOTE I RECOMMEND TRINITY HIGHLY SHE IS WONDERFUL AND VERY FLEXIBLE ON MEETINGS! LOVE U SO MUCH GOD BLESS U TRINITY YOU\u2019RE DOING YOUR GRANDFATHER PROUD TRULY A BLESSING FROM HEAVEN CHICK GOD BLESS AMY XX",
         "town":"West Midlands",
         "hompage":true,
         "left_by":7,
         "title":"I recommend Trinity highly",
         "created":"2014-12-12",
         "active":true
      },
      "model":"testimonials.testimonial",
      "pk":6
   },
   {
      "fields":{
         "body":"I live in Spain and did a telephone reading with Trinity on February 21st. I had never done a reading before and was dubious about how a telephone reading would work. Well, let me say that distance does not in any way affect Trinity\u2019s gift. I have no doubt that Trinity is incredibly gifted; the detail she went into was astounding and absolutely spot on! For anyone thinking about a telephone reading, I can\u2019t recommend Trinity highly enough, you will not be disappointed! Trinity, thank you sincerely for confirming that there IS an afterlife. It meant so much to me to have had that contact with my beloved Grandmother and Father and knowing they are OK and watching over me. I feel so grateful that there are people like you whose mission it is to help others deal with bereavement. You have made my loss a lot easier to bear. I will definitely be using your services again in the future and plan to visit a Spiritualist Church next time I am in England! Love",
         "town":"Spain",
         "hompage":true,
         "left_by":8,
         "title":"Telephone reading with Trinity",
         "created":"2014-12-12",
         "active":true
      },
      "model":"testimonials.testimonial",
      "pk":7
   },
   {
      "fields":{
         "body":"I would just like to say what a brilliant night I had last night at Goodyear Pavilion. I didn't get a message myself but my sister did and it was nice to know that our mother was with us and that she loves us loads. When you are under the weather and feeling a bit low this is just the pick me up you need never mind the gin and tonics this is worth more. I have been to see several mediums in my time and I can honestly say hand on heart Trinity is the best. I would put her on a par with my mom THE BEST. I will be making regular visits to Trinity from now on. Keep up the good work",
         "town":".",
         "hompage":true,
         "left_by":9,
         "title":"Brilliant nigh at Goodyear Pavilion",
         "created":"2014-12-12",
         "active":true
      },
      "model":"testimonials.testimonial",
      "pk":8
   },
   {
      "fields":{
         "body":"I want to say a huge thank you to Trinity for confirming to me there is an afterlife! I lost my Mom in December and I visited Trinity hoping she would come through \u2013 and she did. Before my Mom died we had agreed a code word to use to prove to me if there was an afterlife, and it was the first thing Trinity mentioned to me! I was stunned. Everything she told me was accurate and has given me so much comfort to know my Mom is still with me. She even told me that my Mom knew I had bought some boots the day before! Trinity is the loveliest lady & instantly put me at ease. I have already recommended her to family & friends and will be seeing her again soon Lots of love xxx",
         "town":"West Midlands",
         "hompage":true,
         "left_by":10,
         "title":"Confirmed there is an afterlife, I was stunned",
         "created":"2014-12-12",
         "active":true
      },
      "model":"testimonials.testimonial",
      "pk":9
   },
   {
      "fields":{
         "body":"A couple of weeks ago I had a phone reading with Trinity  A lot of people I know assumed you had to have a face to face reading to connect to the spirit world, how wrong they were. It was brilliant in every aspect. My beloved mum came through and I am still smiling. I can smile at the cupboard that sticks every time I open it. Trinity picked up on this, and many more things which were detailed. I jotted 4 pages down not easy to do whilst listening to Trinity; I can\u2019t stop reading it. The spirit world is there and Trinity was my telephonist to them. Trinity created a warm and glowing presence which I held in my heart.",
         "town":"South Yorkshire",
         "hompage":true,
         "left_by":11,
         "title":"God Bless you Trinity",
         "created":"2014-12-12",
         "active":true
      },
      "model":"testimonials.testimonial",
      "pk":10
   },
   {
      "fields":{
         "body":"I met Trinity by chance at London Bridge Station in 2006 and we were trying to find the right platform for a train, it turned out we were both about to find the same one. We got on well and chatted on the train and suddenly she told me to tell her no more about me and gave me the most incredible message from my Dad!!! She was spot on, the words were absolutely from him, no doubt about that (I was even told to sit up straight! \u2013 Dad\u2019s words, always! \u2013 and my home was described in great detail, plus so much more!!!) This was such a wonderful meeting and we both ended up in \"happy\" tears. Meeting Trinity was amazing and to this day I cherish it. I must add that Trinity is such a lovely lady and I feel bad for not having written this years ago. She is truly amazing in every sense and anyone who knows her will understand that spiritually and as a friend Trinity is incredibly special. Thanks my friend who came out of nowhere, you are an amazing and special lady with a marvellous gift. Love Mxxx",
         "town":"London",
         "hompage":true,
         "left_by":12,
         "title":"Dad\u2019s words",
         "created":"2014-12-12",
         "active":true
      },
      "model":"testimonials.testimonial",
      "pk":11
   },
   {
      "fields":{
         "body":"I went to see Trinity in Dec 09, whilst I was suffering the lowest point in my life. My friend recommended Trinity, so I went with an open mind. It was literally a life changing experience; with direct messages from my Grandmother. I was told that the next year my life would change\u2026and it changed dramatically! Two years on, I have come across your website and I just wanted to say thank you for passing on such valuable messages and giving me the hope that I so needed x",
         "town":"London",
         "hompage":true,
         "left_by":13,
         "title":"Thank you",
         "created":"2014-12-12",
         "active":true
      },
      "model":"testimonials.testimonial",
      "pk":12
   },
   {
      "fields":{
         "body":"I would like to thank Trinity for her amazing work she did at Pelsall social club Thursday 10th Nov 2011 it was so enjoyable and warm how Trinity brought love ones back to so many people that evening we are hoping to have Trinity back next yr. I would recommend this lady to anyone",
         "town":"West Midlands",
         "hompage":true,
         "left_by":14,
         "title":"I recommend Trinity",
         "created":"2014-12-12",
         "active":true
      },
      "model":"testimonials.testimonial",
      "pk":13
   },
   {
      "fields":{
         "body":"I had a reading today with Trinity and would like to say what a wonderful, special lady she is. The reading was so accurate, it made me laugh (because I was being told off!!), smile and cry. It is so uplifting to know people close to my heart are still with me, and it is an absolute pleasure to know that I can trust Trinity to be my contact. Thank you so much Trinity Take care, God bless xx",
         "town":"Powys",
         "hompage":true,
         "left_by":15,
         "title":"An absolute pleasure",
         "created":"2014-12-12",
         "active":true
      },
      "model":"testimonials.testimonial",
      "pk":14
   },
   {
      "fields":{
         "body":"Tonight at The Aldridge Community Centre Trinity exceeded herself. There were few dry eyes as she gave accurate spiritual messages to each person. She was incredible and I am sure she convinced even the sceptics that were there this evening that life did exist after death. Well done Trinity hope you will soon come again and look forward to that.",
         "town":"West Midlands",
         "hompage":true,
         "left_by":16,
         "title":"Well done Trinity",
         "created":"2014-12-12",
         "active":true
      },
      "model":"testimonials.testimonial",
      "pk":15
   },
   {
      "fields":{
         "body":"I would like to say a big thank you to Trinity for coming out to Ludlow to give my friends and I a group reading, and what a lovely evening we had .Trinity was absolutely amazing! I must say a couple of friends had never had a reading before and not sure what to expect, but was told after that as soon as Trinity entered the room they immediately felt at ease, and that\u2019s what happens when you first meet her, she is such a kind, caring, compassionate lady you can\u2019t help but immediately warm towards her. The messages that came through have really helped ,comforted, and reassured my friends .This is the third time I have seen Trinity working ,and would certainly recommend her I know you will not be disappointed! I know why she was chosen to pass messages on, she is one amazing lady! Love and light Trinity. Trish and friends xx",
         "town":"Shropshire",
         "hompage":true,
         "left_by":17,
         "title":"A big thanks",
         "created":"2014-12-12",
         "active":true
      },
      "model":"testimonials.testimonial",
      "pk":16
   },
   {
      "fields":{
         "body":"Thank you so much for the clear, understanding and thoughtful meeting we shared last evening Trinity. The words that you passed onto me from my dad were wonderful and gave me a lot of comfort to know he is happy and well and still watching over me and my family. I was unsure before I met you as to how it could be true but came along and was shocked and delighted by how accurate and detailed you were in your messages to me  many thanks and hopefully I will meet with you in the future , best wishes,",
         "town":".",
         "hompage":true,
         "left_by":18,
         "title":"Wonderful words",
         "created":"2014-12-12",
         "active":true
      },
      "model":"testimonials.testimonial",
      "pk":17
   },
   {
      "fields":{
         "body":"I've seen Trinity 3 times now and I've been comforted and amazed by her meaningful messages. I recommend Trinity to anyone who\u2019s seeking spiritual help and I assure they will be enlightened by her genuine power.",
         "town":"Staffordshire",
         "hompage":true,
         "left_by":19,
         "title":"Enlightened by her genuine power",
         "created":"2014-12-12",
         "active":true
      },
      "model":"testimonials.testimonial",
      "pk":18
   },
   {
      "fields":{
         "body":"I and my friend went to see Trinity in Shrewsbury last month and a murder victim came through with a message for his family that I was able to deliver. The facts of how he died were verified at the meeting as well as after when I checked with his family. Very accurate and it gave his family some comfort, so thanks Trinity. Mandy",
         "town":"Shropshire",
         "hompage":true,
         "left_by":20,
         "title":"Very accurate",
         "created":"2014-12-12",
         "active":true
      },
      "model":"testimonials.testimonial",
      "pk":19
   },
   {
      "fields":{
         "body":"I went along to one of Trinity\u2019s evening\u2019s at the assembly rooms in Ludlow. I was amazed that so many people had such great readings and the information given was very personal and significant to them. Can't wait to see you again!",
         "town":"Shropshire",
         "hompage":true,
         "left_by":21,
         "title":"Can't wait to see you again!",
         "created":"2014-12-12",
         "active":true
      },
      "model":"testimonials.testimonial",
      "pk":20
   },
   {
      "fields":{
         "body":"Some mediums just have a natural talent, and in Ludlow at her last show Trinity really proved that. The messages she gave were both accurate and informative, I have seen all her shows here, and felt by far this was the best supported, which only goes to prove that people will support someone who is genuine, and reaches the other side.",
         "town":"Shropshire",
         "hompage":true,
         "left_by":22,
         "title":"A natural talent",
         "created":"2014-12-12",
         "active":true
      },
      "model":"testimonials.testimonial",
      "pk":21
   },
   {
      "fields":{
         "body":"Meeting Trinity for a private reading some days ago has left me full of comfort and happiness knowing my mom is still so close to me, everything she said was spot on. She\u2019s an amazing lady and I would highly recommend her to anyone. Thanks Trinity x",
         "town":"Shropshire",
         "hompage":true,
         "left_by":23,
         "title":"Everything she said was spot on",
         "created":"2014-12-12",
         "active":true
      },
      "model":"testimonials.testimonial",
      "pk":22
   },
   {
      "fields":{
         "body":"I had a private reading with Trinity this week, and I have to say it amazed me, she is a lovely lady and has a genuine gift! She was very accurate in everything she said, even saying names and events that had happened. I am still buzzing now from the experience, thanks a lot Trinity I hope to see you again in the future. xxxx",
         "town":"Worcestershire",
         "hompage":true,
         "left_by":24,
         "title":"It amazed me",
         "created":"2014-12-12",
         "active":true
      },
      "model":"testimonials.testimonial",
      "pk":23
   },
   {
      "fields":{
         "body":"I live in South Africa and came across Trinity totally by chance on the internet. I wasn't seeking to contact anybody in the spirit world, but somehow it seemed preordained and a few weeks later Trinity did a reading for me via the telephone. She\u2019s wonderful \u2013 warm, friendly and sincere \u2013 and there could be no doubt that she\u2019s genuine. The reading itself was uncannily accurate with various messages from my late mother. All in all an amazing and spiritually satisfying experience. So don\u2019t think that readings can only be done face to face \u2013 Trinity can bridge thousands of miles and has a very special gift.",
         "town":"South Africa",
         "hompage":true,
         "left_by":25,
         "title":"Trinity can bridge thousands of miles",
         "created":"2014-12-12",
         "active":true
      },
      "model":"testimonials.testimonial",
      "pk":24
   },
   {
      "fields":{
         "body":"Thank you so much for my reading, everything you told me was spot on. I will be seeing you again soon.",
         "town":"Staffordshire",
         "hompage":true,
         "left_by":26,
         "title":"You are an amazing lady",
         "created":"2014-12-12",
         "active":true
      },
      "model":"testimonials.testimonial",
      "pk":25
   },
   {
      "fields":{
         "body":"I saw Trinity a few weeks ago in Wolverhampton. I gained great comfort from the messages she gave me from my mother. They have given me the strength to try and live my life to the full. You have a great gift Trinity please continue to bring comfort to others in the future.",
         "town":"Shropshire",
         "hompage":true,
         "left_by":27,
         "title":"A great gift",
         "created":"2014-12-12",
         "active":true
      },
      "model":"testimonials.testimonial",
      "pk":26
   },
   {
      "fields":{
         "body":"I would personally like to \u2018thank her\u2019 for last night at The Cathedral Lodge Hotel-Lichfield. The evidence for me personally was incredible and spot on -she could not have known anything about me, yet she was so accurate in her messages to me. Please do not hesitate to go and see her. Thank you again Trinity and look forward to seeing you again very soon. God Bless xxx",
         "town":"West Midlands",
         "hompage":true,
         "left_by":28,
         "title":"I would recommend to anyone",
         "created":"2014-12-12",
         "active":true
      },
      "model":"testimonials.testimonial",
      "pk":27
   },
   {
      "fields":{
         "body":"I saw Trinity On Friday at the Cathedral Lodge Hotel in Lichfield. What an amazing evening, she was so right about everything and at the end of the evening all my dearest family that had passed over came to speak to me through Trinity, she is such a lovely lady I will go and see her again. Marguerite XX",
         "town":"Worcestershire",
         "hompage":true,
         "left_by":29,
         "title":"What an amazing evening",
         "created":"2014-12-12",
         "active":true
      },
      "model":"testimonials.testimonial",
      "pk":28
   },
   {
      "fields":{
         "body":"Do you know wot you never cease to amaze me. Brilliant night last night true and honest they love working with you Trinity your candle will never go out I love to see people\u2019s faces when spirit come to them keep it up girl god bless ya",
         "town":".",
         "hompage":true,
         "left_by":30,
         "title":"Never cease to amaze me",
         "created":"2014-12-12",
         "active":true
      },
      "model":"testimonials.testimonial",
      "pk":29
   },
   {
      "fields":{
         "body":"I visited Trinity for the third time in two years. Once again she has convinced me (and others) about the continuation of our loved ones in spirit. Trinity is a very loving person who exudes sincerity and care. She genuinely loves her mediumship and the peace that it brings to others. As before, I highly recommend her to anyone who wants a genuine reading from the spirit world.",
         "town":".",
         "hompage":true,
         "left_by":31,
         "title":"Highly recommended to anyone ",
         "created":"2014-12-12",
         "active":true
      },
      "model":"testimonials.testimonial",
      "pk":30
   },
   {
      "fields":{
         "body":"Hi met Trinity for the first time last night, both me and my friend were stunned by what we were told and will be going again when she visits again thanks Trinity for everything Tania xx",
         "town":"Staffordshire",
         "hompage":true,
         "left_by":32,
         "title":"We were stunned, thanks",
         "created":"2014-12-12",
         "active":true
      },
      "model":"testimonials.testimonial",
      "pk":31
   },
   {
      "fields":{
         "body":"My husband, daughter and myself went to a private reading with Trinity about six weeks ago and can honestly say we were amazed how accurate the information we received from our families in the spirit world. The warmth and love that came across to us from our loved ones was all we needed to comfort us on what has been quite a trying time. Thank you again Trinity for a wonderful experience.",
         "town":"Powys",
         "hompage":true,
         "left_by":33,
         "title":"Thank you",
         "created":"2014-12-12",
         "active":true
      },
      "model":"testimonials.testimonial",
      "pk":32
   },
   {
      "fields":{
         "action_flag":1,
         "action_time":"2014-12-12T11:43:21Z",
         "object_repr":"Standard 0.0%",
         "object_id":"1",
         "change_message":"",
         "user":1,
         "content_type":12
      },
      "model":"admin.logentry",
      "pk":1
   },
   {
      "fields":{
         "action_flag":1,
         "action_time":"2014-12-12T11:43:36Z",
         "object_repr":"Reduced 0.0%",
         "object_id":"2",
         "change_message":"",
         "user":1,
         "content_type":12
      },
      "model":"admin.logentry",
      "pk":2
   },
   {
      "fields":{
         "action_flag":2,
         "action_time":"2014-12-12T11:43:38Z",
         "object_repr":"Reduced 0.0%",
         "object_id":"2",
         "change_message":"No fields changed.",
         "user":1,
         "content_type":12
      },
      "model":"admin.logentry",
      "pk":3
   },
   {
      "fields":{
         "action_flag":1,
         "action_time":"2014-12-12T11:43:47Z",
         "object_repr":"No VAT 0.0%",
         "object_id":"3",
         "change_message":"",
         "user":1,
         "content_type":12
      },
      "model":"admin.logentry",
      "pk":4
   },
   {
      "fields":{
         "action_flag":1,
         "action_time":"2014-12-12T11:44:04Z",
         "object_repr":"Online",
         "object_id":"1",
         "change_message":"",
         "user":1,
         "content_type":14
      },
      "model":"admin.logentry",
      "pk":5
   },
   {
      "fields":{
         "action_flag":1,
         "action_time":"2014-12-12T11:45:00Z",
         "object_repr":"Registration successful",
         "object_id":"1",
         "change_message":"",
         "user":1,
         "content_type":17
      },
      "model":"admin.logentry",
      "pk":6
   },
   {
      "fields":{
         "action_flag":1,
         "action_time":"2014-12-12T11:45:22Z",
         "object_repr":"Booking confirmation",
         "object_id":"2",
         "change_message":"",
         "user":1,
         "content_type":17
      },
      "model":"admin.logentry",
      "pk":7
   },
   {
      "fields":{
         "action_flag":1,
         "action_time":"2014-12-12T11:47:19Z",
         "object_repr":"The Hand Hotel, Lllangollen",
         "object_id":"1",
         "change_message":"",
         "user":1,
         "content_type":7
      },
      "model":"admin.logentry",
      "pk":8
   },
   {
      "fields":{
         "action_flag":1,
         "action_time":"2014-12-12T11:47:49Z",
         "object_repr":"The Lord Hill Hotel, Shrewsbury",
         "object_id":"2",
         "change_message":"",
         "user":1,
         "content_type":7
      },
      "model":"admin.logentry",
      "pk":9
   },
   {
      "fields":{
         "action_flag":1,
         "action_time":"2014-12-12T11:48:21Z",
         "object_repr":"The Holiday Inn, Telford",
         "object_id":"3",
         "change_message":"",
         "user":1,
         "content_type":7
      },
      "model":"admin.logentry",
      "pk":10
   },
   {
      "fields":{
         "action_flag":1,
         "action_time":"2014-12-12T11:48:42Z",
         "object_repr":"On the door &pound;12.00",
         "object_id":"1",
         "change_message":"",
         "user":1,
         "content_type":9
      },
      "model":"admin.logentry",
      "pk":11
   },
   {
      "fields":{
         "action_flag":1,
         "action_time":"2014-12-12T11:48:58Z",
         "object_repr":"Online &pound;10.00",
         "object_id":"2",
         "change_message":"",
         "user":1,
         "content_type":9
      },
      "model":"admin.logentry",
      "pk":12
   },
   {
      "fields":{
         "action_flag":1,
         "action_time":"2014-12-12T11:51:38Z",
         "object_repr":"16/01/2015 @ 19:30 An Evening with Trinity Williams, Spiritualist Medium, The Hand Hotel, Lllangollen",
         "object_id":"1",
         "change_message":"",
         "user":1,
         "content_type":8
      },
      "model":"admin.logentry",
      "pk":13
   },
   {
      "fields":{
         "action_flag":1,
         "action_time":"2014-12-12T11:52:38Z",
         "object_repr":"29/01/2015 @ 19:30 An Evening with Trinity Williams, Spiritualist Medium, The Lord Hill Hotel, Shrewsbury",
         "object_id":"2",
         "change_message":"",
         "user":1,
         "content_type":8
      },
      "model":"admin.logentry",
      "pk":14
   },
   {
      "fields":{
         "action_flag":1,
         "action_time":"2014-12-12T11:53:29Z",
         "object_repr":"19/02/2015 @ 19:30 An Evening with Trinity Williams, Spiritualist Medium, The Holiday Inn, Telford",
         "object_id":"3",
         "change_message":"",
         "user":1,
         "content_type":8
      },
      "model":"admin.logentry",
      "pk":15
   },
   {
      "fields":{
         "action_flag":1,
         "action_time":"2014-12-12T12:53:56Z",
         "object_repr":"test1",
         "object_id":"2",
         "change_message":"",
         "user":1,
         "content_type":4
      },
      "model":"admin.logentry",
      "pk":16
   },
   {
      "fields":{
         "action_flag":1,
         "action_time":"2014-12-12T12:59:32Z",
         "object_repr":"Grateful thanks to Trinity - test1, Cannock",
         "object_id":"1",
         "change_message":"",
         "user":1,
         "content_type":20
      },
      "model":"admin.logentry",
      "pk":17
   },
   {
      "fields":{
         "action_flag":2,
         "action_time":"2014-12-12T13:00:28Z",
         "object_repr":"test1",
         "object_id":"2",
         "change_message":"Changed first_name, last_name and is_active.",
         "user":1,
         "content_type":4
      },
      "model":"admin.logentry",
      "pk":18
   },
   {
      "fields":{
         "action_flag":2,
         "action_time":"2014-12-12T13:00:44Z",
         "object_repr":"Grateful thanks to Trinity - test1, Cannock",
         "object_id":"1",
         "change_message":"Changed hompage.",
         "user":1,
         "content_type":20
      },
      "model":"admin.logentry",
      "pk":19
   },
   {
      "fields":{
         "action_flag":1,
         "action_time":"2014-12-12T13:02:59Z",
         "object_repr":"user2",
         "object_id":"3",
         "change_message":"",
         "user":1,
         "content_type":4
      },
      "model":"admin.logentry",
      "pk":20
   },
   {
      "fields":{
         "action_flag":1,
         "action_time":"2014-12-12T13:03:09Z",
         "object_repr":"Uplifting and comforting - user2, Wolverhampton",
         "object_id":"2",
         "change_message":"",
         "user":1,
         "content_type":20
      },
      "model":"admin.logentry",
      "pk":21
   },
   {
      "fields":{
         "action_flag":1,
         "action_time":"2014-12-12T13:04:08Z",
         "object_repr":"user3",
         "object_id":"4",
         "change_message":"",
         "user":1,
         "content_type":4
      },
      "model":"admin.logentry",
      "pk":22
   },
   {
      "fields":{
         "action_flag":1,
         "action_time":"2014-12-12T13:04:17Z",
         "object_repr":"Bringing peace of mind - user3, Shropshire",
         "object_id":"3",
         "change_message":"",
         "user":1,
         "content_type":20
      },
      "model":"admin.logentry",
      "pk":23
   },
   {
      "fields":{
         "action_flag":1,
         "action_time":"2014-12-12T13:05:41Z",
         "object_repr":"user4",
         "object_id":"5",
         "change_message":"",
         "user":1,
         "content_type":4
      },
      "model":"admin.logentry",
      "pk":24
   },
   {
      "fields":{
         "action_flag":1,
         "action_time":"2014-12-12T13:05:50Z",
         "object_repr":"Thank you for the help - user4, West Midlands",
         "object_id":"4",
         "change_message":"",
         "user":1,
         "content_type":20
      },
      "model":"admin.logentry",
      "pk":25
   },
   {
      "fields":{
         "action_flag":1,
         "action_time":"2014-12-12T13:07:18Z",
         "object_repr":"user5",
         "object_id":"6",
         "change_message":"",
         "user":1,
         "content_type":4
      },
      "model":"admin.logentry",
      "pk":26
   },
   {
      "fields":{
         "action_flag":1,
         "action_time":"2014-12-12T13:07:29Z",
         "object_repr":"Thank you - user5, Shropshire",
         "object_id":"5",
         "change_message":"",
         "user":1,
         "content_type":20
      },
      "model":"admin.logentry",
      "pk":27
   },
   {
      "fields":{
         "action_flag":1,
         "action_time":"2014-12-12T13:17:13Z",
         "object_repr":"user6",
         "object_id":"7",
         "change_message":"",
         "user":1,
         "content_type":4
      },
      "model":"admin.logentry",
      "pk":28
   },
   {
      "fields":{
         "action_flag":1,
         "action_time":"2014-12-12T13:17:24Z",
         "object_repr":"I recommend Trinity highly - user6, West Midlands",
         "object_id":"6",
         "change_message":"",
         "user":1,
         "content_type":20
      },
      "model":"admin.logentry",
      "pk":29
   },
   {
      "fields":{
         "action_flag":1,
         "action_time":"2014-12-12T13:18:50Z",
         "object_repr":"user7",
         "object_id":"8",
         "change_message":"",
         "user":1,
         "content_type":4
      },
      "model":"admin.logentry",
      "pk":30
   },
   {
      "fields":{
         "action_flag":1,
         "action_time":"2014-12-12T13:18:57Z",
         "object_repr":"Telephone reading with Trinity - user7, Spain",
         "object_id":"7",
         "change_message":"",
         "user":1,
         "content_type":20
      },
      "model":"admin.logentry",
      "pk":31
   },
   {
      "fields":{
         "action_flag":1,
         "action_time":"2014-12-12T13:20:43Z",
         "object_repr":"user8",
         "object_id":"9",
         "change_message":"",
         "user":1,
         "content_type":4
      },
      "model":"admin.logentry",
      "pk":32
   },
   {
      "fields":{
         "action_flag":1,
         "action_time":"2014-12-12T13:21:06Z",
         "object_repr":"Brilliant nigh at Goodyear Pavilion - user8, .",
         "object_id":"8",
         "change_message":"",
         "user":1,
         "content_type":20
      },
      "model":"admin.logentry",
      "pk":33
   },
   {
      "fields":{
         "action_flag":1,
         "action_time":"2014-12-12T13:28:56Z",
         "object_repr":"user9",
         "object_id":"10",
         "change_message":"",
         "user":1,
         "content_type":4
      },
      "model":"admin.logentry",
      "pk":34
   },
   {
      "fields":{
         "action_flag":1,
         "action_time":"2014-12-12T13:29:06Z",
         "object_repr":"Confirmed there is an afterlife, I was stunned - user9, West Midlands",
         "object_id":"9",
         "change_message":"",
         "user":1,
         "content_type":20
      },
      "model":"admin.logentry",
      "pk":35
   },
   {
      "fields":{
         "action_flag":1,
         "action_time":"2014-12-12T14:14:15Z",
         "object_repr":"user10",
         "object_id":"11",
         "change_message":"",
         "user":1,
         "content_type":4
      },
      "model":"admin.logentry",
      "pk":36
   },
   {
      "fields":{
         "action_flag":1,
         "action_time":"2014-12-12T14:14:28Z",
         "object_repr":"God Bless you Trinity - user10, South Yorkshire",
         "object_id":"10",
         "change_message":"",
         "user":1,
         "content_type":20
      },
      "model":"admin.logentry",
      "pk":37
   },
   {
      "fields":{
         "action_flag":1,
         "action_time":"2014-12-12T14:16:09Z",
         "object_repr":"user11",
         "object_id":"12",
         "change_message":"",
         "user":1,
         "content_type":4
      },
      "model":"admin.logentry",
      "pk":38
   },
   {
      "fields":{
         "action_flag":1,
         "action_time":"2014-12-12T14:16:13Z",
         "object_repr":"Dad\u2019s words - user11, London",
         "object_id":"11",
         "change_message":"",
         "user":1,
         "content_type":20
      },
      "model":"admin.logentry",
      "pk":39
   },
   {
      "fields":{
         "action_flag":2,
         "action_time":"2014-12-12T14:45:34Z",
         "object_repr":"user2",
         "object_id":"3",
         "change_message":"Changed first_name and last_name.",
         "user":1,
         "content_type":4
      },
      "model":"admin.logentry",
      "pk":40
   },
   {
      "fields":{
         "action_flag":2,
         "action_time":"2014-12-12T14:45:50Z",
         "object_repr":"user3",
         "object_id":"4",
         "change_message":"Changed first_name and last_name.",
         "user":1,
         "content_type":4
      },
      "model":"admin.logentry",
      "pk":41
   },
   {
      "fields":{
         "action_flag":2,
         "action_time":"2014-12-12T14:46:07Z",
         "object_repr":"user4",
         "object_id":"5",
         "change_message":"Changed first_name.",
         "user":1,
         "content_type":4
      },
      "model":"admin.logentry",
      "pk":42
   },
   {
      "fields":{
         "action_flag":2,
         "action_time":"2014-12-12T14:46:17Z",
         "object_repr":"user5",
         "object_id":"6",
         "change_message":"Changed first_name.",
         "user":1,
         "content_type":4
      },
      "model":"admin.logentry",
      "pk":43
   },
   {
      "fields":{
         "action_flag":2,
         "action_time":"2014-12-12T14:46:38Z",
         "object_repr":"user6",
         "object_id":"7",
         "change_message":"Changed first_name and last_name.",
         "user":1,
         "content_type":4
      },
      "model":"admin.logentry",
      "pk":44
   },
   {
      "fields":{
         "action_flag":2,
         "action_time":"2014-12-12T14:46:56Z",
         "object_repr":"user7",
         "object_id":"8",
         "change_message":"Changed first_name and last_name.",
         "user":1,
         "content_type":4
      },
      "model":"admin.logentry",
      "pk":45
   },
   {
      "fields":{
         "action_flag":2,
         "action_time":"2014-12-12T14:47:09Z",
         "object_repr":"user8",
         "object_id":"9",
         "change_message":"Changed first_name.",
         "user":1,
         "content_type":4
      },
      "model":"admin.logentry",
      "pk":46
   },
   {
      "fields":{
         "action_flag":2,
         "action_time":"2014-12-12T14:47:29Z",
         "object_repr":"user9",
         "object_id":"10",
         "change_message":"Changed first_name and last_name.",
         "user":1,
         "content_type":4
      },
      "model":"admin.logentry",
      "pk":47
   },
   {
      "fields":{
         "action_flag":2,
         "action_time":"2014-12-12T14:47:41Z",
         "object_repr":"user10",
         "object_id":"11",
         "change_message":"Changed first_name.",
         "user":1,
         "content_type":4
      },
      "model":"admin.logentry",
      "pk":48
   },
   {
      "fields":{
         "action_flag":2,
         "action_time":"2014-12-12T14:47:59Z",
         "object_repr":"user11",
         "object_id":"12",
         "change_message":"Changed first_name and last_name.",
         "user":1,
         "content_type":4
      },
      "model":"admin.logentry",
      "pk":49
   },
   {
      "fields":{
         "action_flag":2,
         "action_time":"2014-12-12T14:48:18Z",
         "object_repr":"user10",
         "object_id":"11",
         "change_message":"Changed is_active.",
         "user":1,
         "content_type":4
      },
      "model":"admin.logentry",
      "pk":50
   },
   {
      "fields":{
         "action_flag":2,
         "action_time":"2014-12-12T14:48:24Z",
         "object_repr":"user11",
         "object_id":"12",
         "change_message":"Changed is_active.",
         "user":1,
         "content_type":4
      },
      "model":"admin.logentry",
      "pk":51
   },
   {
      "fields":{
         "action_flag":2,
         "action_time":"2014-12-12T14:48:35Z",
         "object_repr":"user2",
         "object_id":"3",
         "change_message":"Changed is_active.",
         "user":1,
         "content_type":4
      },
      "model":"admin.logentry",
      "pk":52
   },
   {
      "fields":{
         "action_flag":2,
         "action_time":"2014-12-12T14:48:56Z",
         "object_repr":"user3",
         "object_id":"4",
         "change_message":"Changed is_active.",
         "user":1,
         "content_type":4
      },
      "model":"admin.logentry",
      "pk":53
   },
   {
      "fields":{
         "action_flag":2,
         "action_time":"2014-12-12T14:49:03Z",
         "object_repr":"user4",
         "object_id":"5",
         "change_message":"Changed is_active.",
         "user":1,
         "content_type":4
      },
      "model":"admin.logentry",
      "pk":54
   },
   {
      "fields":{
         "action_flag":2,
         "action_time":"2014-12-12T14:49:10Z",
         "object_repr":"user5",
         "object_id":"6",
         "change_message":"Changed is_active.",
         "user":1,
         "content_type":4
      },
      "model":"admin.logentry",
      "pk":55
   },
   {
      "fields":{
         "action_flag":2,
         "action_time":"2014-12-12T14:49:17Z",
         "object_repr":"user6",
         "object_id":"7",
         "change_message":"Changed is_active.",
         "user":1,
         "content_type":4
      },
      "model":"admin.logentry",
      "pk":56
   },
   {
      "fields":{
         "action_flag":2,
         "action_time":"2014-12-12T14:49:23Z",
         "object_repr":"user7",
         "object_id":"8",
         "change_message":"Changed is_active.",
         "user":1,
         "content_type":4
      },
      "model":"admin.logentry",
      "pk":57
   },
   {
      "fields":{
         "action_flag":2,
         "action_time":"2014-12-12T14:49:28Z",
         "object_repr":"user8",
         "object_id":"9",
         "change_message":"Changed is_active.",
         "user":1,
         "content_type":4
      },
      "model":"admin.logentry",
      "pk":58
   },
   {
      "fields":{
         "action_flag":2,
         "action_time":"2014-12-12T14:49:33Z",
         "object_repr":"user9",
         "object_id":"10",
         "change_message":"Changed is_active.",
         "user":1,
         "content_type":4
      },
      "model":"admin.logentry",
      "pk":59
   },
   {
      "fields":{
         "action_flag":2,
         "action_time":"2014-12-12T14:49:56Z",
         "object_repr":"test1",
         "object_id":"2",
         "change_message":"Changed password.",
         "user":1,
         "content_type":4
      },
      "model":"admin.logentry",
      "pk":60
   },
   {
      "fields":{
         "action_flag":1,
         "action_time":"2014-12-12T14:55:41Z",
         "object_repr":"user12",
         "object_id":"13",
         "change_message":"",
         "user":1,
         "content_type":4
      },
      "model":"admin.logentry",
      "pk":61
   },
   {
      "fields":{
         "action_flag":1,
         "action_time":"2014-12-12T14:55:51Z",
         "object_repr":"Thank you - user12, London",
         "object_id":"12",
         "change_message":"",
         "user":1,
         "content_type":20
      },
      "model":"admin.logentry",
      "pk":62
   },
   {
      "fields":{
         "action_flag":1,
         "action_time":"2014-12-12T14:58:48Z",
         "object_repr":"user13",
         "object_id":"14",
         "change_message":"",
         "user":1,
         "content_type":4
      },
      "model":"admin.logentry",
      "pk":63
   },
   {
      "fields":{
         "action_flag":1,
         "action_time":"2014-12-12T14:59:00Z",
         "object_repr":"I recommend Trinity - user13, West Midlands",
         "object_id":"13",
         "change_message":"",
         "user":1,
         "content_type":20
      },
      "model":"admin.logentry",
      "pk":64
   },
   {
      "fields":{
         "action_flag":1,
         "action_time":"2014-12-12T15:00:03Z",
         "object_repr":"user14",
         "object_id":"15",
         "change_message":"",
         "user":1,
         "content_type":4
      },
      "model":"admin.logentry",
      "pk":65
   },
   {
      "fields":{
         "action_flag":1,
         "action_time":"2014-12-12T15:00:14Z",
         "object_repr":"An absolute pleasure - user14, Powys",
         "object_id":"14",
         "change_message":"",
         "user":1,
         "content_type":20
      },
      "model":"admin.logentry",
      "pk":66
   },
   {
      "fields":{
         "action_flag":1,
         "action_time":"2014-12-12T15:02:56Z",
         "object_repr":"user15",
         "object_id":"16",
         "change_message":"",
         "user":1,
         "content_type":4
      },
      "model":"admin.logentry",
      "pk":67
   },
   {
      "fields":{
         "action_flag":1,
         "action_time":"2014-12-12T15:03:08Z",
         "object_repr":"Well done Trinity - user15, West Midlands",
         "object_id":"15",
         "change_message":"",
         "user":1,
         "content_type":20
      },
      "model":"admin.logentry",
      "pk":68
   },
   {
      "fields":{
         "action_flag":1,
         "action_time":"2014-12-12T15:04:09Z",
         "object_repr":"user16",
         "object_id":"17",
         "change_message":"",
         "user":1,
         "content_type":4
      },
      "model":"admin.logentry",
      "pk":69
   },
   {
      "fields":{
         "action_flag":1,
         "action_time":"2014-12-12T15:04:19Z",
         "object_repr":"A big thanks - user16, Shropshire",
         "object_id":"16",
         "change_message":"",
         "user":1,
         "content_type":20
      },
      "model":"admin.logentry",
      "pk":70
   },
   {
      "fields":{
         "action_flag":1,
         "action_time":"2014-12-12T15:05:45Z",
         "object_repr":"user17",
         "object_id":"18",
         "change_message":"",
         "user":1,
         "content_type":4
      },
      "model":"admin.logentry",
      "pk":71
   },
   {
      "fields":{
         "action_flag":1,
         "action_time":"2014-12-12T15:05:56Z",
         "object_repr":"Wonderful words - user17, .",
         "object_id":"17",
         "change_message":"",
         "user":1,
         "content_type":20
      },
      "model":"admin.logentry",
      "pk":72
   },
   {
      "fields":{
         "action_flag":1,
         "action_time":"2014-12-12T15:08:18Z",
         "object_repr":"user18",
         "object_id":"19",
         "change_message":"",
         "user":1,
         "content_type":4
      },
      "model":"admin.logentry",
      "pk":73
   },
   {
      "fields":{
         "action_flag":1,
         "action_time":"2014-12-12T15:08:27Z",
         "object_repr":"Enlightened by her genuine power - user18, Staffordshire",
         "object_id":"18",
         "change_message":"",
         "user":1,
         "content_type":20
      },
      "model":"admin.logentry",
      "pk":74
   },
   {
      "fields":{
         "action_flag":2,
         "action_time":"2014-12-12T15:08:45Z",
         "object_repr":"Enlightened by her genuine power - user18, Staffordshire",
         "object_id":"18",
         "change_message":"Changed body.",
         "user":1,
         "content_type":20
      },
      "model":"admin.logentry",
      "pk":75
   },
   {
      "fields":{
         "action_flag":1,
         "action_time":"2014-12-12T15:09:44Z",
         "object_repr":"user19",
         "object_id":"20",
         "change_message":"",
         "user":1,
         "content_type":4
      },
      "model":"admin.logentry",
      "pk":76
   },
   {
      "fields":{
         "action_flag":1,
         "action_time":"2014-12-12T15:09:58Z",
         "object_repr":"Very accurate - user19, Shropshire",
         "object_id":"19",
         "change_message":"",
         "user":1,
         "content_type":20
      },
      "model":"admin.logentry",
      "pk":77
   },
   {
      "fields":{
         "action_flag":1,
         "action_time":"2014-12-12T15:11:01Z",
         "object_repr":"user20",
         "object_id":"21",
         "change_message":"",
         "user":1,
         "content_type":4
      },
      "model":"admin.logentry",
      "pk":78
   },
   {
      "fields":{
         "action_flag":1,
         "action_time":"2014-12-12T15:11:14Z",
         "object_repr":"Can't wait to see you again! - user20, Shropshire",
         "object_id":"20",
         "change_message":"",
         "user":1,
         "content_type":20
      },
      "model":"admin.logentry",
      "pk":79
   },
   {
      "fields":{
         "action_flag":1,
         "action_time":"2014-12-12T15:12:03Z",
         "object_repr":"user21",
         "object_id":"22",
         "change_message":"",
         "user":1,
         "content_type":4
      },
      "model":"admin.logentry",
      "pk":80
   },
   {
      "fields":{
         "action_flag":1,
         "action_time":"2014-12-12T15:12:13Z",
         "object_repr":"A natural talent - user21, Shropshire",
         "object_id":"21",
         "change_message":"",
         "user":1,
         "content_type":20
      },
      "model":"admin.logentry",
      "pk":81
   },
   {
      "fields":{
         "action_flag":1,
         "action_time":"2014-12-12T15:14:22Z",
         "object_repr":"user22",
         "object_id":"23",
         "change_message":"",
         "user":1,
         "content_type":4
      },
      "model":"admin.logentry",
      "pk":82
   },
   {
      "fields":{
         "action_flag":1,
         "action_time":"2014-12-12T15:14:36Z",
         "object_repr":"Everything she said was spot on - , Shropshire",
         "object_id":"22",
         "change_message":"",
         "user":1,
         "content_type":20
      },
      "model":"admin.logentry",
      "pk":83
   },
   {
      "fields":{
         "action_flag":1,
         "action_time":"2014-12-12T15:15:25Z",
         "object_repr":"user23",
         "object_id":"24",
         "change_message":"",
         "user":1,
         "content_type":4
      },
      "model":"admin.logentry",
      "pk":84
   },
   {
      "fields":{
         "action_flag":1,
         "action_time":"2014-12-12T15:15:36Z",
         "object_repr":"It amazed me - , Worcestershire",
         "object_id":"23",
         "change_message":"",
         "user":1,
         "content_type":20
      },
      "model":"admin.logentry",
      "pk":85
   },
   {
      "fields":{
         "action_flag":1,
         "action_time":"2014-12-12T15:17:07Z",
         "object_repr":"user24",
         "object_id":"25",
         "change_message":"",
         "user":1,
         "content_type":4
      },
      "model":"admin.logentry",
      "pk":86
   },
   {
      "fields":{
         "action_flag":1,
         "action_time":"2014-12-12T15:17:23Z",
         "object_repr":"Trinity can bridge thousands of miles - , South Africa",
         "object_id":"24",
         "change_message":"",
         "user":1,
         "content_type":20
      },
      "model":"admin.logentry",
      "pk":87
   },
   {
      "fields":{
         "action_flag":1,
         "action_time":"2014-12-12T15:18:14Z",
         "object_repr":"user25",
         "object_id":"26",
         "change_message":"",
         "user":1,
         "content_type":4
      },
      "model":"admin.logentry",
      "pk":88
   },
   {
      "fields":{
         "action_flag":1,
         "action_time":"2014-12-12T15:18:25Z",
         "object_repr":"You are an amazing lady - , Staffordshire",
         "object_id":"25",
         "change_message":"",
         "user":1,
         "content_type":20
      },
      "model":"admin.logentry",
      "pk":89
   },
   {
      "fields":{
         "action_flag":1,
         "action_time":"2014-12-12T15:19:45Z",
         "object_repr":"user26",
         "object_id":"27",
         "change_message":"",
         "user":1,
         "content_type":4
      },
      "model":"admin.logentry",
      "pk":90
   },
   {
      "fields":{
         "action_flag":1,
         "action_time":"2014-12-12T15:20:00Z",
         "object_repr":"A great gift - , Shropshire",
         "object_id":"26",
         "change_message":"",
         "user":1,
         "content_type":20
      },
      "model":"admin.logentry",
      "pk":91
   },
   {
      "fields":{
         "action_flag":1,
         "action_time":"2014-12-12T15:21:34Z",
         "object_repr":"user27",
         "object_id":"28",
         "change_message":"",
         "user":1,
         "content_type":4
      },
      "model":"admin.logentry",
      "pk":92
   },
   {
      "fields":{
         "action_flag":1,
         "action_time":"2014-12-12T15:21:47Z",
         "object_repr":"I would recommend to anyone - , West Midlands",
         "object_id":"27",
         "change_message":"",
         "user":1,
         "content_type":20
      },
      "model":"admin.logentry",
      "pk":93
   },
   {
      "fields":{
         "action_flag":1,
         "action_time":"2014-12-12T15:34:36Z",
         "object_repr":"user28",
         "object_id":"29",
         "change_message":"",
         "user":1,
         "content_type":4
      },
      "model":"admin.logentry",
      "pk":94
   },
   {
      "fields":{
         "action_flag":1,
         "action_time":"2014-12-12T15:34:48Z",
         "object_repr":"What an amazing evening - , Worcestershire",
         "object_id":"28",
         "change_message":"",
         "user":1,
         "content_type":20
      },
      "model":"admin.logentry",
      "pk":95
   },
   {
      "fields":{
         "action_flag":1,
         "action_time":"2014-12-12T15:36:48Z",
         "object_repr":"user29",
         "object_id":"30",
         "change_message":"",
         "user":1,
         "content_type":4
      },
      "model":"admin.logentry",
      "pk":96
   },
   {
      "fields":{
         "action_flag":1,
         "action_time":"2014-12-12T15:36:55Z",
         "object_repr":"Never cease to amaze me - , .",
         "object_id":"29",
         "change_message":"",
         "user":1,
         "content_type":20
      },
      "model":"admin.logentry",
      "pk":97
   },
   {
      "fields":{
         "action_flag":1,
         "action_time":"2014-12-12T15:38:20Z",
         "object_repr":"user30",
         "object_id":"31",
         "change_message":"",
         "user":1,
         "content_type":4
      },
      "model":"admin.logentry",
      "pk":98
   },
   {
      "fields":{
         "action_flag":1,
         "action_time":"2014-12-12T15:38:27Z",
         "object_repr":"Highly recommended to anyone  - , .",
         "object_id":"30",
         "change_message":"",
         "user":1,
         "content_type":20
      },
      "model":"admin.logentry",
      "pk":99
   },
   {
      "fields":{
         "action_flag":1,
         "action_time":"2014-12-12T15:39:38Z",
         "object_repr":"user31",
         "object_id":"32",
         "change_message":"",
         "user":1,
         "content_type":4
      },
      "model":"admin.logentry",
      "pk":100
   },
   {
      "fields":{
         "action_flag":1,
         "action_time":"2014-12-12T15:39:50Z",
         "object_repr":"We were stunned, thanks - , Staffordshire",
         "object_id":"31",
         "change_message":"",
         "user":1,
         "content_type":20
      },
      "model":"admin.logentry",
      "pk":101
   },
   {
      "fields":{
         "action_flag":1,
         "action_time":"2014-12-12T16:12:30Z",
         "object_repr":"user32",
         "object_id":"33",
         "change_message":"",
         "user":1,
         "content_type":4
      },
      "model":"admin.logentry",
      "pk":102
   },
   {
      "fields":{
         "action_flag":1,
         "action_time":"2014-12-12T16:12:40Z",
         "object_repr":"Thank you - , Powys",
         "object_id":"32",
         "change_message":"",
         "user":1,
         "content_type":20
      },
      "model":"admin.logentry",
      "pk":103
   },
   {
      "fields":{
         "action_flag":2,
         "action_time":"2014-12-12T16:13:38Z",
         "object_repr":"user12",
         "object_id":"13",
         "change_message":"Changed first_name and is_active.",
         "user":1,
         "content_type":4
      },
      "model":"admin.logentry",
      "pk":104
   },
   {
      "fields":{
         "action_flag":2,
         "action_time":"2014-12-12T16:15:27Z",
         "object_repr":"user13",
         "object_id":"14",
         "change_message":"Changed first_name, last_name and is_active.",
         "user":1,
         "content_type":4
      },
      "model":"admin.logentry",
      "pk":105
   },
   {
      "fields":{
         "action_flag":2,
         "action_time":"2014-12-12T16:15:42Z",
         "object_repr":"user14",
         "object_id":"15",
         "change_message":"Changed first_name and is_active.",
         "user":1,
         "content_type":4
      },
      "model":"admin.logentry",
      "pk":106
   },
   {
      "fields":{
         "action_flag":2,
         "action_time":"2014-12-12T16:19:53Z",
         "object_repr":"user15",
         "object_id":"16",
         "change_message":"Changed first_name, last_name and is_active.",
         "user":1,
         "content_type":4
      },
      "model":"admin.logentry",
      "pk":107
   },
   {
      "fields":{
         "action_flag":2,
         "action_time":"2014-12-12T16:20:09Z",
         "object_repr":"user16",
         "object_id":"17",
         "change_message":"Changed first_name and is_active.",
         "user":1,
         "content_type":4
      },
      "model":"admin.logentry",
      "pk":108
   },
   {
      "fields":{
         "action_flag":2,
         "action_time":"2014-12-12T16:20:31Z",
         "object_repr":"user17",
         "object_id":"18",
         "change_message":"Changed first_name, last_name and is_active.",
         "user":1,
         "content_type":4
      },
      "model":"admin.logentry",
      "pk":109
   },
   {
      "fields":{
         "action_flag":2,
         "action_time":"2014-12-12T16:20:58Z",
         "object_repr":"user18",
         "object_id":"19",
         "change_message":"Changed first_name, last_name and is_active.",
         "user":1,
         "content_type":4
      },
      "model":"admin.logentry",
      "pk":110
   },
   {
      "fields":{
         "action_flag":2,
         "action_time":"2014-12-12T16:21:20Z",
         "object_repr":"user19",
         "object_id":"20",
         "change_message":"Changed first_name, last_name and is_active.",
         "user":1,
         "content_type":4
      },
      "model":"admin.logentry",
      "pk":111
   },
   {
      "fields":{
         "action_flag":2,
         "action_time":"2014-12-12T16:22:35Z",
         "object_repr":"user20",
         "object_id":"21",
         "change_message":"Changed first_name and is_active.",
         "user":1,
         "content_type":4
      },
      "model":"admin.logentry",
      "pk":112
   },
   {
      "fields":{
         "action_flag":2,
         "action_time":"2014-12-12T16:22:52Z",
         "object_repr":"user21",
         "object_id":"22",
         "change_message":"Changed first_name, last_name and is_active.",
         "user":1,
         "content_type":4
      },
      "model":"admin.logentry",
      "pk":113
   },
   {
      "fields":{
         "action_flag":2,
         "action_time":"2014-12-12T16:23:18Z",
         "object_repr":"user22",
         "object_id":"23",
         "change_message":"Changed first_name, last_name and is_active.",
         "user":1,
         "content_type":4
      },
      "model":"admin.logentry",
      "pk":114
   },
   {
      "fields":{
         "action_flag":2,
         "action_time":"2014-12-12T16:23:32Z",
         "object_repr":"user23",
         "object_id":"24",
         "change_message":"Changed first_name and is_active.",
         "user":1,
         "content_type":4
      },
      "model":"admin.logentry",
      "pk":115
   },
   {
      "fields":{
         "action_flag":2,
         "action_time":"2014-12-12T16:23:47Z",
         "object_repr":"user24",
         "object_id":"25",
         "change_message":"Changed first_name and is_active.",
         "user":1,
         "content_type":4
      },
      "model":"admin.logentry",
      "pk":116
   },
   {
      "fields":{
         "action_flag":2,
         "action_time":"2014-12-12T16:24:20Z",
         "object_repr":"user25",
         "object_id":"26",
         "change_message":"Changed first_name, last_name and is_active.",
         "user":1,
         "content_type":4
      },
      "model":"admin.logentry",
      "pk":117
   },
   {
      "fields":{
         "action_flag":2,
         "action_time":"2014-12-12T16:24:34Z",
         "object_repr":"user26",
         "object_id":"27",
         "change_message":"Changed first_name and is_active.",
         "user":1,
         "content_type":4
      },
      "model":"admin.logentry",
      "pk":118
   },
   {
      "fields":{
         "action_flag":2,
         "action_time":"2014-12-12T16:24:47Z",
         "object_repr":"user27",
         "object_id":"28",
         "change_message":"Changed first_name and is_active.",
         "user":1,
         "content_type":4
      },
      "model":"admin.logentry",
      "pk":119
   },
   {
      "fields":{
         "action_flag":2,
         "action_time":"2014-12-12T16:25:04Z",
         "object_repr":"user28",
         "object_id":"29",
         "change_message":"Changed first_name and is_active.",
         "user":1,
         "content_type":4
      },
      "model":"admin.logentry",
      "pk":120
   },
   {
      "fields":{
         "action_flag":2,
         "action_time":"2014-12-12T16:25:23Z",
         "object_repr":"user29",
         "object_id":"30",
         "change_message":"Changed first_name and is_active.",
         "user":1,
         "content_type":4
      },
      "model":"admin.logentry",
      "pk":121
   },
   {
      "fields":{
         "action_flag":2,
         "action_time":"2014-12-12T16:25:38Z",
         "object_repr":"user30",
         "object_id":"31",
         "change_message":"Changed first_name and is_active.",
         "user":1,
         "content_type":4
      },
      "model":"admin.logentry",
      "pk":122
   },
   {
      "fields":{
         "action_flag":2,
         "action_time":"2014-12-12T16:26:02Z",
         "object_repr":"user31",
         "object_id":"32",
         "change_message":"Changed first_name, last_name and is_active.",
         "user":1,
         "content_type":4
      },
      "model":"admin.logentry",
      "pk":123
   },
   {
      "fields":{
         "action_flag":2,
         "action_time":"2014-12-12T16:26:26Z",
         "object_repr":"user32",
         "object_id":"33",
         "change_message":"Changed first_name, last_name and is_active.",
         "user":1,
         "content_type":4
      },
      "model":"admin.logentry",
      "pk":124
   }
]
